[
  {
    "name": "APPINSIGHTS_PROFILERFEATURE_VERSION",
    "value": "1.0.0",
    "slotSetting": true
  },
  {
    "name": "APPINSIGHTS_SNAPSHOTFEATURE_VERSION",
    "value": "1.0.0",
    "slotSetting": true
  },
  {
    "name": "ApplicationInsightsAgent_EXTENSION_VERSION",
    "value": "~2",
    "slotSetting": true
  },
  {
    "name": "DiagnosticServices_EXTENSION_VERSION",
    "value": "~3",
    "slotSetting": true
  },
  {
    "name": "InstrumentationEngine_EXTENSION_VERSION",
    "value": "~1",
    "slotSetting": true
  },
  {
    "name": "SnapshotDebugger_EXTENSION_VERSION",
    "value": "~1",
    "slotSetting": true
  },
  {
    "name": "WEBSITE_NODE_DEFAULT_VERSION",
    "value": "6.9.1",
    "slotSetting": false
  },
  {
    "name": "WEBSITE_RUN_FROM_PACKAGE",
    "value": "0",
    "slotSetting": false
  },
  {
    "name": "XDT_MicrosoftApplicationInsights_BaseExtensions",
    "value": "~1",
    "slotSetting": true
  },
  {
    "name": "XDT_MicrosoftApplicationInsights_Mode",
    "value": "recommended",
    "slotSetting": true
  }
]